排名靠前的网页,点击次数,展示,点击率,排名
https://pixelcircle.online/,14,1076,1.3%,60.26
https://pixelcircle.online/circle/101/,2,85,2.35%,15.68
https://pixelcircle.online/pl/,1,66,1.52%,14.8
https://pixelcircle.online/tr/,1,61,1.64%,8.59
https://pixelcircle.online/circle/33/,1,52,1.92%,11.21
https://pixelcircle.online/sphere/101/,1,35,2.86%,18.49
https://pixelcircle.online/ru/sphere/101/,1,11,9.09%,10.18
https://pixelcircle.online/sphere/21/,1,2,50%,6.5
https://pixelcircle.online/es/sphere/15/,1,1,100%,6
https://pixelcircle.online/ru/,0,84,0%,11.68
https://pixelcircle.online/it/,0,47,0%,6.66
https://pixelcircle.online/de/,0,40,0%,32.05
https://pixelcircle.online/zh/,0,32,0%,6.47
https://pixelcircle.online/pt/,0,28,0%,8.14
https://pixelcircle.online/es/,0,26,0%,33.35
https://pixelcircle.online/circle/35/,0,22,0%,8.32
https://pixelcircle.online/circle/21/,0,20,0%,12.45
https://pixelcircle.online/circle/15/,0,16,0%,21.94
https://pixelcircle.online/fr/,0,16,0%,62.19
https://pixelcircle.online/pt/circle/33/,0,14,0%,9.64
https://pixelcircle.online/oval/101/51/,0,11,0%,35.55
https://pixelcircle.online/about/,0,9,0%,28.89
https://pixelcircle.online/ellipsoid/21/15/9/,0,9,0%,46.56
https://pixelcircle.online/id/,0,7,0%,7
https://pixelcircle.online/it/circle/33/,0,7,0%,8.14
https://pixelcircle.online/zh/circle/21/,0,7,0%,10.86
https://pixelcircle.online/privacy/,0,6,0%,9.33
https://pixelcircle.online/circle/17/,0,6,0%,14.83
https://pixelcircle.online/fr/circle/33/,0,6,0%,16.83
https://pixelcircle.online/dome/15/,0,5,0%,6.8
https://pixelcircle.online/ru/circle/15/,0,5,0%,9.8
https://pixelcircle.online/pt/circle/101/,0,5,0%,17.4
https://pixelcircle.online/pl/torus/21/4/,0,5,0%,31.8
https://pixelcircle.online/fr/circle/15/,0,4,0%,6.75
https://pixelcircle.online/id/oval/101/51/,0,4,0%,39
https://pixelcircle.online/pt/circle/41/,0,4,0%,58.25
https://pixelcircle.online/zh/circle/15/,0,3,0%,13
https://pixelcircle.online/de/circle/21/,0,3,0%,14.33
https://pixelcircle.online/es/oval/101/51/,0,3,0%,44
https://pixelcircle.online/tr/oval/15/7/,0,3,0%,46.33
https://pixelcircle.online/oval/121/61/,0,2,0%,16.5
https://pixelcircle.online/de/circle/15/,0,2,0%,17.5
https://pixelcircle.online/id/torus/21/4/,0,2,0%,31.5
https://pixelcircle.online/it/sphere/15/,0,2,0%,38
https://pixelcircle.online/pl/oval/15/7/,0,2,0%,48
https://pixelcircle.online/tr/torus/21/4/,0,2,0%,50.5
https://pixelcircle.online/pt/oval/15/7/,0,2,0%,53
https://pixelcircle.online/tr/ellipsoid/33/21/13/,0,2,0%,54.5
https://pixelcircle.online/torus/33/6/,0,2,0%,58
https://pixelcircle.online/oval/15/7/,0,1,0%,9
https://pixelcircle.online/pt/torus/21/4/,0,1,0%,32
https://pixelcircle.online/de/oval/101/51/,0,1,0%,42
https://pixelcircle.online/es/torus/21/4/,0,1,0%,43
https://pixelcircle.online/tr/oval/121/61/,0,1,0%,46
https://pixelcircle.online/es/circle/15/,0,1,0%,51
https://pixelcircle.online/zh/ellipsoid/33/21/13/,0,1,0%,58
https://pixelcircle.online/fr/ellipsoid/15/11/7/,0,1,0%,60
https://pixelcircle.online/ellipsoid/33/21/13/,0,1,0%,69