date,engine,keyword,pos,url,title
20260819,bing,"minecraft circle generator",1,https://donatstudios.com/PixelCircleGenerator,"Pixel Circle / Oval Generator (Minecraft) — Donat Studios"
20260819,bing,"minecraft circle generator",2,https://www.minecraftcirclegenerators.net/,"Minecraft Circle Generator — Build Perfect Circles & Ellipses"
20260819,bing,"minecraft circle generator",3,https://www.deltacalculator.com/minecraft/circle-generator/,"Minecraft Circle Generator - Delta Calculator"
20260819,bing,"minecraft circle generator",4,https://www.mcgic.com/circle-generator/,"Minecraft Circle Generator - 2D/3D Preview & Builder Mode"
20260819,bing,"minecraft circle generator",5,https://minecraftcircle-generator.com/,"Minecraft Circle Generator — Build Perfect Circles in Minecraft"
20260819,bing,"minecraft circle generator",6,https://mctoolbox.net/circle,"Minecraft Circle Generator - Perfect Circles & Ovals | MC Toolbox"
20260819,bing,"minecraft circle generator",7,https://www.minecraftmaps.com/tools/pixel-circle-generator,"Minecraft Circle Generator - Pixel Circles & Ovals"
20260819,bing,"minecraft circle generator",8,https://minecraft-circlegenerator.com/,"Minecraft Circle Generator — Free Pixel Circle Maker Tool"
20260819,bing,"minecraft circle generator",9,https://minecraft-circle-generator.com/,"Minecraft Circle Generator - Circle Maker & Creator"
20260819,bing,"minecraft circle generator",10,https://www.omnicalculator.com/other/minecraft-circle,"Minecraft Circle Generator - Omni Calculator"
20260819,bing,"minecraft circle chart",1,https://www.minecraft.net/,""
20260819,bing,"minecraft circle chart",2,https://www.minecraft.net/zh-hant,""
20260819,bing,"minecraft circle chart",3,https://apps.microsoft.com/detail/9pj8266bhfwn?hl=zh-CN&gl=HK,""
20260819,bing,"minecraft circle chart",4,https://zh.minecraft.wiki/,""
20260819,bing,"minecraft circle chart",5,https://classic.minecraft.net/,""
20260819,bing,"minecraft circle chart",6,https://mc.163.com/,""
20260819,bing,"minecraft circle chart",7,https://minecraft.wiki/,""
20260819,bing,"minecraft circle chart",8,https://www.techspot.com/downloads/5235-minecraft.html,""
20260819,bing,"minecraft circle chart",9,https://apps.microsoft.com/detail/9nblggh537bl?hl=zh-CN&gl=CN,""
20260819,bing,"minecraft circle chart",10,https://hmcl.huangyuhui.net/,""
20260819,bing,"minecraft circle generator 101",1,https://www.minecraft.net/,"Welcome to the Minecraft Official Site | Minecraft"
20260819,bing,"minecraft circle generator 101",2,https://www.minecraft.net/zh-hant,"歡迎來到 Minecraft 官方網站"
20260819,bing,"minecraft circle generator 101",3,https://apps.microsoft.com/detail/9pj8266bhfwn?hl=zh-CN&gl=HK,"Minecraft: Java Edition - Windows官方下载 | 微软应用商店 ..."
20260819,bing,"minecraft circle generator 101",4,https://zh.minecraft.wiki/,"中文 Minecraft Wiki"
20260819,bing,"minecraft circle generator 101",5,https://classic.minecraft.net/,"Minecraft Classic"
20260819,bing,"minecraft circle generator 101",6,https://mc.163.com/,"《我的世界》官网-全新视界 探索无限"
20260819,bing,"minecraft circle generator 101",7,https://minecraft.wiki/,"Minecraft Wiki"
20260819,bing,"minecraft circle generator 101",8,https://www.techspot.com/downloads/5235-minecraft.html,"Minecraft Download Free - 26.44 | TechSpot"
20260819,bing,"minecraft circle generator 101",9,https://apps.microsoft.com/detail/9nblggh537bl?hl=zh-CN&gl=CN,"Minecraft - Windows官方下载 | 微软应用商店 | Microsoft Store"
20260819,bing,"minecraft circle generator 101",10,https://hmcl.huangyuhui.net/,"Hello Minecraft! Launcher"
20260819,bing,"pixel circle minecraft",1,https://zhuanlan.zhihu.com/p/1941935772447011932,""
20260819,bing,"pixel circle minecraft",2,https://mobile.pconline.com.cn/2178/21783791.html,""
20260819,bing,"pixel circle minecraft",3,https://pixel.google/business/,""
20260819,bing,"pixel circle minecraft",4,https://www.zhihu.com/question/1930725484737585954,""
20260819,bing,"pixel circle minecraft",5,https://sspai.com/post/78200,""
20260819,bing,"pixel circle minecraft",6,https://www.piskelapp.com/,""
20260819,bing,"pixel circle minecraft",7,https://www.36kr.com/p/3443394281428359,""
20260819,bing,"pixel circle minecraft",8,https://www.pixilart.com/draw,""
20260819,bing,"pixel circle minecraft",9,https://zhuanlan.zhihu.com/p/657667853,""
20260819,bing,"我的世界圆形生成器",1,https://www.zhihu.com/question/509011663,"这个网址是potplayer官网吗？ - 知乎"
20260819,bing,"我的世界圆形生成器",2,https://zhidao.baidu.com/question/489698663.html,"system是什么意思,system是什么进程可以关闭吗?_百度知道"
20260819,bing,"我的世界圆形生成器",3,https://zhidao.baidu.com/question/538380007.html,"NO和OFF哪个是开？ - 百度知道"
20260819,bing,"我的世界圆形生成器",4,https://www.zhihu.com/question/24151213,"有人用短信轰炸机骚扰我，报警警察能查到他吗？ - 知乎"
20260819,bing,"我的世界圆形生成器",5,https://zhidao.baidu.com/question/1930266266943458867.html,"apk文件怎样在电脑中打开? - 百度知道"
20260819,bing,"我的世界圆形生成器",6,https://zhidao.baidu.com/question/537087450.html,"标点符号《》、〈〉、「」该怎么正确使用呢?_百度知道"
20260819,bing,"我的世界圆形生成器",7,https://zhidao.baidu.com/question/559589248285559244.html,"《MAMA》歌词 - 百度知道"
20260819,bing,"我的世界圆形生成器",8,https://zhidao.baidu.com/question/44768116.html,"""小贴士""的英文是tip 还是tips_百度知道"
20260819,bing,"我的世界圆形生成器",9,https://zhidao.baidu.com/question/100155881.html,"国外往中国打电话前面需要加什么号？区号用加0吗？_百度知道"
20260819,bing,"我的世界圆形生成器",10,https://zhidao.baidu.com/question/1938018637669634267.html,"电脑版网易云怎么一起听歌 - 百度知道"
20260819,bing,"minecraft kreis generator",1,https://www.minecraft.net/,"Welcome to the Minecraft Official Site | Minecraft"
20260819,bing,"minecraft kreis generator",2,https://www.minecraft.net/zh-hant,"歡迎來到 Minecraft 官方網站"
20260819,bing,"minecraft kreis generator",3,https://apps.microsoft.com/detail/9pj8266bhfwn?hl=zh-CN&gl=HK,"Minecraft: Java Edition - Windows官方下载 | 微软应用商店 ..."
20260819,bing,"minecraft kreis generator",4,https://zh.minecraft.wiki/,"中文 Minecraft Wiki"
20260819,bing,"minecraft kreis generator",5,https://classic.minecraft.net/,"Minecraft Classic"
20260819,bing,"minecraft kreis generator",6,https://mc.163.com/,"《我的世界》官网-全新视界 探索无限"
20260819,bing,"minecraft kreis generator",7,https://minecraft.wiki/,"Minecraft Wiki"
20260819,bing,"minecraft kreis generator",8,https://www.techspot.com/downloads/5235-minecraft.html,"Minecraft Download Free - 26.44 | TechSpot"
20260819,bing,"minecraft kreis generator",9,https://apps.microsoft.com/detail/9nblggh537bl?hl=zh-CN&gl=CN,"Minecraft - Windows官方下载 | 微软应用商店 | Microsoft Store"
20260819,bing,"minecraft kreis generator",10,https://hmcl.huangyuhui.net/,"Hello Minecraft! Launcher"