热门查询,点击次数,展示,点击率,排名
minecraft circle generator,6,44,13.64%,72.89
circle generator minecraft,0,8,0%,60.25
minecraft yuvarlak,0,6,0%,10.17
circle generator,0,6,0%,61.33
pixel circle generator,0,6,0%,62
mc circle generator,0,5,0%,62.6
circle gen,0,4,0%,51
minecraft circle gen,0,4,0%,54
circle minecraft generator,0,4,0%,57.5
circle pixel generator,0,4,0%,64.25
circle generator pixel,0,4,0%,66.5
minecraft cerchi,0,3,0%,8.67
minecraft circles generator,0,3,0%,58
circle generator in minecraft,0,3,0%,58.33
circle maker minecraft,0,3,0%,58.67
circles minecraft generator,0,3,0%,60.67
pixel circle calculator,0,3,0%,61.67
pixel circle maker,0,3,0%,62.67
circle generator mc,0,3,0%,66.67
pixelated circle generator,0,3,0%,68.33
minecraft circle calculator,0,3,0%,69.33
101 circle,0,2,0%,8.5
33 block circle minecraft,0,2,0%,9
101x101 circle minecraft,0,2,0%,29
space engineers circle generator,0,2,0%,53.5
circle gen minecraft,0,2,0%,55
minecraft circle area calculator,0,2,0%,57
circle in blocks,0,2,0%,58
minecraft circel generator,0,2,0%,59.5
minecraft circle generator online,0,2,0%,60
circle minecraft creator,0,2,0%,60.5
minecraft circle generator.,0,2,0%,60.5
minecraft circle maker,0,2,0%,60.5
circles in minecraft generator,0,2,0%,61.5
circle generator for minecraft,0,2,0%,62
minecraft circle generator with numbers,0,2,0%,62
minecraft diagonal circle generator,0,2,0%,62.5
pixel circle gen,0,2,0%,62.5
circle calculator minecraft,0,2,0%,68.5
minecraft calculator circle,0,2,0%,69
circle grid generator,0,2,0%,69.5
minecraft radius calculator,0,2,0%,79.5
генератор кругов майнкрафт,0,1,0%,1
окружность майнкрафт,0,1,0%,1
101 circle minecraft,0,1,0%,6
mc daire,0,1,0%,6
minecraft daire,0,1,0%,8
cerchio minecraft,0,1,0%,9
minecraft kolo,0,1,0%,9
minecraft circle 101 diameter,0,1,0%,10
kolo minecraft,0,1,0%,11
koła w minecraft,0,1,0%,21
101 x 101 circle minecraft,0,1,0%,25
21x21 circle minecraft,0,1,0%,28
сайт для создания кругов в майнкрафте,0,1,0%,30
generator koła minecraft,0,1,0%,33
cercle mincraft,0,1,0%,36
minecraft kreis,0,1,0%,43
jak zrobić koło w minecraft,0,1,0%,49
minecraft block circle generator,0,1,0%,51
minecraft circle generator desmos,0,1,0%,51
5 diameter circle minecraft,0,1,0%,52
donat studios pixel circle generator,0,1,0%,52
ark circle generator,0,1,0%,53
spawn circle minecraft,0,1,0%,53
50 block radius circle minecraft,0,1,0%,54
circle gene,0,1,0%,54
minecraft arc generator,0,1,0%,54
pixel arch generator,0,1,0%,54
curcle generator,0,1,0%,55
circle mc maker,0,1,0%,56
circle oval generator,0,1,0%,56
circle with blocks,0,1,0%,56
minecraft circle generator scalacube,0,1,0%,57
pixel circle / oval generator,0,1,0%,57
block circle generator,0,1,0%,58
circle out of blocks,0,1,0%,58
cricle generator,0,1,0%,58
voxel circles,0,1,0%,58
circle genorator,0,1,0%,59
circle minecraft gen,0,1,0%,59
pixel circle creator,0,1,0%,59
minecraft circle genorator,0,1,0%,60
minecraft circle website,0,1,0%,60
circle simulator minecraft,0,1,0%,61
minecraft circle calculator diameter,0,1,0%,61
minecraft circle gemerator,0,1,0%,61
minecraft radius generator,0,1,0%,61
radius minecraft,0,1,0%,61
circle maker pixel,0,1,0%,62
cirle generator,0,1,0%,62
minecraft circle generatoir,0,1,0%,62
minecraft round generator,0,1,0%,62
miencraft circle gen,0,1,0%,63
minecraft circle generator 100x100,0,1,0%,63
kreisgenerator minecraft,0,1,0%,64
minecraft circle gene,0,1,0%,64
minecraft circle generatir,0,1,0%,64
minecraft circle gnerator,0,1,0%,64
minecraft half circle generator,0,1,0%,64
circle maker,0,1,0%,65
generator circle minecraft,0,1,0%,65
minecraft circle tool,0,1,0%,65
omni calculator minecraft circle,0,1,0%,65
pixel circles generator,0,1,0%,65
block circle,0,1,0%,66
blocky sphere,0,1,0%,66
circle generator service,0,1,0%,66
circle grid,0,1,0%,66
circle maker mc,0,1,0%,66
cube circle generator,0,1,0%,66
mc arch generator,0,1,0%,66
minecraftcirclegenerator,0,1,0%,66
pixel generator circle,0,1,0%,66
kreis generator minecraft,0,1,0%,67
circle blocks,0,1,0%,68
circle creator,0,1,0%,68
mc circle maker,0,1,0%,68
minecraft radius,0,1,0%,68
cercle minecraft site,0,1,0%,69
circle generator pixel art,0,1,0%,69
minecraft arc calculator,0,1,0%,69
minecraft circles calculator,0,1,0%,70
pixel ball generator,0,1,0%,70
pixle circle generator,0,1,0%,70
minecraft 3d circle generator,0,1,0%,71
minecraft kreis bauen generator,0,1,0%,71
rune circle generator,0,1,0%,71
minecraft circle creator,0,1,0%,72
block circle calculator,0,1,0%,73
circle generator minecraft 3d,0,1,0%,73
generateur de cercle minecraft,0,1,0%,76
make a minecraft circle,0,1,0%,76