日期,未编入索引,已编入索引,展示
2026-08-12,,,0
2026-08-13,,,19
2026-08-14,3160,1,61
2026-08-15,3157,4,63
2026-08-16,3157,4,70
2026-08-17,3157,4,77
2026-08-18,3128,33,68
2026-08-19,3128,33,82
2026-08-20,3128,33,76
2026-08-21,3128,33,78
2026-08-22,3091,70,75
2026-08-23,3091,70,79
2026-08-24,3091,70,90
2026-08-25,3091,70,109
2026-08-26,3091,70,115
2026-08-27,3091,70,105
2026-08-28,3091,70,94
2026-08-29,3088,73,171
2026-08-30,3088,73,142
2026-08-31,3088,73,105
2026-09-01,3088,73,48
2026-09-02,3088,73,84
2026-09-03,3088,73,97
2026-09-04,3088,73,101